[{"id":"user-image-2caae017a61202f87bc36fab57e85a63.png","publicUrl":"np://user.desktop.nicepage.com/Site_788010926/images/2caae017a61202f87bc36fab57e85a63.png","size":267986,"hash":"WnVk9k+cLxDAe7y+1aTt19tXwbU=","fileName":"2caae017a61202f87bc36fab57e85a63.png","name":"2caae017a61202f87bc36fab57e85a63","width":1000,"height":468,"thumbnail":{"url":"np://user.desktop.nicepage.com/Site_788010926/images/thumbnails/2caae017a61202f87bc36fab57e85a63.png","width":250,"height":117},"originalUrl":"//images01.nicepage.com/2c/aa/2caae017a61202f87bc36fab57e85a63.png","usages":[]},{"id":"user-image-bf37f8217e4b71feb26707d632c6845d.png","publicUrl":"np://user.desktop.nicepage.com/Site_788010926/images/bf37f8217e4b71feb26707d632c6845d.png","size":187982,"hash":"RF302QiClDbYb/cu1m2eyjsbeWA=","fileName":"bf37f8217e4b71feb26707d632c6845d.png","name":"bf37f8217e4b71feb26707d632c6845d","width":640,"height":340,"thumbnail":{"url":"np://user.desktop.nicepage.com/Site_788010926/images/thumbnails/bf37f8217e4b71feb26707d632c6845d.png","width":250,"height":133},"originalUrl":"//images01.nicepage.com/bf/37/bf37f8217e4b71feb26707d632c6845d.png","usages":[]},{"id":"user-image-e36e61f2185bd84c29cebb9e46a4df90.png","publicUrl":"np://user.desktop.nicepage.com/Site_788010926/images/e36e61f2185bd84c29cebb9e46a4df90.png","size":403250,"hash":"KmErtDlNjUyp3rF7Myr4IxhNJZs=","fileName":"e36e61f2185bd84c29cebb9e46a4df90.png","name":"e36e61f2185bd84c29cebb9e46a4df90","width":473,"height":774,"thumbnail":{"url":"np://user.desktop.nicepage.com/Site_788010926/images/thumbnails/e36e61f2185bd84c29cebb9e46a4df90.png","width":153,"height":250},"originalUrl":"https://images02.nicepage.com/e3/6e/e36e61f2185bd84c29cebb9e46a4df90.png","usages":[]},{"id":"user-image-457883519366bc77e9ffb4294b44f8df.png","publicUrl":"np://user.desktop.nicepage.com/Site_788010926/images/457883519366bc77e9ffb4294b44f8df.png","size":281258,"hash":"2w2i1/iTI7kAqrqdgtXSDDErB04=","fileName":"457883519366bc77e9ffb4294b44f8df.png","name":"457883519366bc77e9ffb4294b44f8df","width":640,"height":340,"thumbnail":{"url":"np://user.desktop.nicepage.com/Site_788010926/images/thumbnails/457883519366bc77e9ffb4294b44f8df.png","width":250,"height":133},"originalUrl":"//images01.nicepage.com/45/78/457883519366bc77e9ffb4294b44f8df.png","usages":[]},{"id":"user-image-35970472e6f88da51190947c84ba6f2a.png","publicUrl":"np://user.desktop.nicepage.com/Site_788010926/images/35970472e6f88da51190947c84ba6f2a.png","size":172492,"hash":"3zw7sCXyEP+TmXQfjto5IdDPozw=","fileName":"35970472e6f88da51190947c84ba6f2a.png","name":"35970472e6f88da51190947c84ba6f2a","width":640,"height":340,"thumbnail":{"url":"np://user.desktop.nicepage.com/Site_788010926/images/thumbnails/35970472e6f88da51190947c84ba6f2a.png","width":250,"height":133},"originalUrl":"//images01.nicepage.com/35/97/35970472e6f88da51190947c84ba6f2a.png","usages":[]},{"id":"user-image-289d0988df9ccafe391c5a296f327b0e.png","publicUrl":"np://user.desktop.nicepage.com/Site_788010926/images/289d0988df9ccafe391c5a296f327b0e.png","size":208500,"hash":"eRAPRdhb44U89cpW1cf3AKrfQjI=","fileName":"289d0988df9ccafe391c5a296f327b0e.png","name":"289d0988df9ccafe391c5a296f327b0e","width":480,"height":400,"thumbnail":{"url":"np://user.desktop.nicepage.com/Site_788010926/images/thumbnails/289d0988df9ccafe391c5a296f327b0e.png","width":250,"height":208},"originalUrl":"//images01.nicepage.com/28/9d/289d0988df9ccafe391c5a296f327b0e.png","usages":["6651184"]},{"id":"user-image-f6999cf8d7fee900e76ee65fd1827c4f.png","publicUrl":"np://user.desktop.nicepage.com/Site_788010926/images/f6999cf8d7fee900e76ee65fd1827c4f.png","size":233296,"hash":"fP6z2/d7rJbMM3NzGHKN9z89kfE=","fileName":"f6999cf8d7fee900e76ee65fd1827c4f.png","name":"f6999cf8d7fee900e76ee65fd1827c4f","width":480,"height":400,"thumbnail":{"url":"np://user.desktop.nicepage.com/Site_788010926/images/thumbnails/f6999cf8d7fee900e76ee65fd1827c4f.png","width":250,"height":208},"originalUrl":"//images01.nicepage.com/f6/99/f6999cf8d7fee900e76ee65fd1827c4f.png","usages":["6651184"]},{"id":"user-image-a6ac58a6e4e6965bce3fda2c36e43e94.png","publicUrl":"np://user.desktop.nicepage.com/Site_788010926/images/a6ac58a6e4e6965bce3fda2c36e43e94.png","size":136586,"hash":"YDa0j4pRLY1DCvdki98ZLVVObv0=","fileName":"a6ac58a6e4e6965bce3fda2c36e43e94.png","name":"a6ac58a6e4e6965bce3fda2c36e43e94","width":480,"height":400,"thumbnail":{"url":"np://user.desktop.nicepage.com/Site_788010926/images/thumbnails/a6ac58a6e4e6965bce3fda2c36e43e94.png","width":250,"height":208},"originalUrl":"//images01.nicepage.com/a6/ac/a6ac58a6e4e6965bce3fda2c36e43e94.png","usages":["6651184"]},{"id":"user-image-60daec789521593f3dd91cb1bb3d7d60.png","publicUrl":"np://user.desktop.nicepage.com/Site_788010926/images/60daec789521593f3dd91cb1bb3d7d60.png","size":205496,"hash":"XKSw0EsKGkaoPyjtqgUQasi9g8c=","fileName":"60daec789521593f3dd91cb1bb3d7d60.png","name":"60daec789521593f3dd91cb1bb3d7d60","width":480,"height":400,"thumbnail":{"url":"np://user.desktop.nicepage.com/Site_788010926/images/thumbnails/60daec789521593f3dd91cb1bb3d7d60.png","width":250,"height":208},"originalUrl":"//images01.nicepage.com/60/da/60daec789521593f3dd91cb1bb3d7d60.png","usages":["6651184"]},{"id":"user-image-dcd4c46d0ca35931cafdc77fd8bb3568.png","publicUrl":"np://user.desktop.nicepage.com/Site_788010926/images/dcd4c46d0ca35931cafdc77fd8bb3568.png","size":206715,"hash":"nZCL7fPudzZ+JGJoUKmKUGxP+rI=","fileName":"dcd4c46d0ca35931cafdc77fd8bb3568.png","name":"dcd4c46d0ca35931cafdc77fd8bb3568","width":480,"height":400,"thumbnail":{"url":"np://user.desktop.nicepage.com/Site_788010926/images/thumbnails/dcd4c46d0ca35931cafdc77fd8bb3568.png","width":250,"height":208},"originalUrl":"//images01.nicepage.com/dc/d4/dcd4c46d0ca35931cafdc77fd8bb3568.png","usages":["6651184"]},{"id":"user-image-dca2e7f841dc5201337d6b80dfffe9f6.png","publicUrl":"np://user.desktop.nicepage.com/Site_788010926/images/dca2e7f841dc5201337d6b80dfffe9f6.png","size":116579,"hash":"onL0vkcMWbY7tO/1Lvf9vWKS/0I=","fileName":"dca2e7f841dc5201337d6b80dfffe9f6.png","name":"dca2e7f841dc5201337d6b80dfffe9f6","width":480,"height":400,"thumbnail":{"url":"np://user.desktop.nicepage.com/Site_788010926/images/thumbnails/dca2e7f841dc5201337d6b80dfffe9f6.png","width":250,"height":208},"originalUrl":"//images01.nicepage.com/dc/a2/dca2e7f841dc5201337d6b80dfffe9f6.png","usages":["6651184"]},{"id":"user-image-516d0cf7e883585853018116d942949c.png","publicUrl":"np://user.desktop.nicepage.com/Site_788010926/images/516d0cf7e883585853018116d942949c.png","size":219316,"hash":"qbcKsWWlcDVTJXa1mZ0vNV7t+Zo=","fileName":"516d0cf7e883585853018116d942949c.png","name":"516d0cf7e883585853018116d942949c","width":480,"height":400,"thumbnail":{"url":"np://user.desktop.nicepage.com/Site_788010926/images/thumbnails/516d0cf7e883585853018116d942949c.png","width":250,"height":208},"originalUrl":"//images01.nicepage.com/51/6d/516d0cf7e883585853018116d942949c.png","usages":["6651184"]},{"id":"user-image-be60b4bef50944a54eb655fa128f19f5.png","publicUrl":"np://user.desktop.nicepage.com/Site_788010926/images/be60b4bef50944a54eb655fa128f19f5.png","size":40257,"hash":"oBzf5hFSIhSFdwa7J+nPvKlt1To=","fileName":"be60b4bef50944a54eb655fa128f19f5.png","name":"be60b4bef50944a54eb655fa128f19f5","width":604,"height":429,"thumbnail":{"url":"np://user.desktop.nicepage.com/Site_788010926/images/thumbnails/be60b4bef50944a54eb655fa128f19f5.png","width":250,"height":178},"originalUrl":"//images01.nicepage.com/be/60/be60b4bef50944a54eb655fa128f19f5.png","usages":[]},{"id":"user-image-24f25b480b4e49ccb7c463893d04da4d.png","publicUrl":"np://user.desktop.nicepage.com/Site_788010926/images/24f25b480b4e49ccb7c463893d04da4d.png","size":193761,"hash":"DVoCuCO5v6+wtZR4VogkwHdK/yE=","fileName":"24f25b480b4e49ccb7c463893d04da4d.png","name":"24f25b480b4e49ccb7c463893d04da4d","width":480,"height":400,"thumbnail":{"url":"np://user.desktop.nicepage.com/Site_788010926/images/thumbnails/24f25b480b4e49ccb7c463893d04da4d.png","width":250,"height":208},"originalUrl":"//images01.nicepage.com/24/f2/24f25b480b4e49ccb7c463893d04da4d.png","usages":["6651184"]},{"id":"user-image-493c4ba9faffae1d4d634b42d393f786.png","publicUrl":"np://user.desktop.nicepage.com/Site_788010926/images/493c4ba9faffae1d4d634b42d393f786.png","size":23882,"hash":"o5tIcxEJjUKV7OYHXBI7m3eA3YI=","fileName":"493c4ba9faffae1d4d634b42d393f786.png","name":"493c4ba9faffae1d4d634b42d393f786","width":100,"height":100,"thumbnail":{"url":"np://user.desktop.nicepage.com/Site_788010926/images/thumbnails/493c4ba9faffae1d4d634b42d393f786.png","width":100,"height":100,"length":23882,"type":"png"},"originalUrl":"//images01.nicepage.com/49/3c/493c4ba9faffae1d4d634b42d393f786.png","usages":["88221982","6651184"]},{"id":"user-image-232c6d839624da0ae42d0f0b813ed0e8.jpeg","publicUrl":"np://user.desktop.nicepage.com/Site_788010926/images/232c6d839624da0ae42d0f0b813ed0e8.jpeg","size":81348,"hash":"aXN09eA+hF3tg8fyN4YgRBuKM+M=","fileName":"232c6d839624da0ae42d0f0b813ed0e8.jpeg","name":"232c6d839624da0ae42d0f0b813ed0e8","width":700,"height":394,"thumbnail":{"url":"np://user.desktop.nicepage.com/Site_788010926/images/thumbnails/232c6d839624da0ae42d0f0b813ed0e8.jpeg","width":250,"height":141},"originalUrl":"//images01.nicepage.com/23/2c/232c6d839624da0ae42d0f0b813ed0e8.jpeg","usages":[]},{"id":"user-image-cc6434ba828bd2405bed7e73c8dea9b3.png","publicUrl":"np://user.desktop.nicepage.com/Site_788010926/images/cc6434ba828bd2405bed7e73c8dea9b3.png","size":22587,"hash":"39fd9pim3LKRAQ+Vk5lbwGoSy6Y=","fileName":"cc6434ba828bd2405bed7e73c8dea9b3.png","name":"cc6434ba828bd2405bed7e73c8dea9b3","width":100,"height":100,"thumbnail":{"url":"np://user.desktop.nicepage.com/Site_788010926/images/thumbnails/cc6434ba828bd2405bed7e73c8dea9b3.png","width":100,"height":100,"length":22587,"type":"png"},"originalUrl":"//images01.nicepage.com/cc/64/cc6434ba828bd2405bed7e73c8dea9b3.png","usages":["88221982","6651184"]},{"id":"user-image-18a4c07eae54c988ce9e949279e2304c.png","publicUrl":"np://user.desktop.nicepage.com/Site_788010926/images/18a4c07eae54c988ce9e949279e2304c.png","size":25107,"hash":"FiCyvO72lfFqZJqAS/QE9mKlADY=","fileName":"18a4c07eae54c988ce9e949279e2304c.png","name":"18a4c07eae54c988ce9e949279e2304c","width":120,"height":121,"thumbnail":{"url":"np://user.desktop.nicepage.com/Site_788010926/images/thumbnails/18a4c07eae54c988ce9e949279e2304c.png","width":120,"height":121,"length":25107,"type":"png"},"originalUrl":"//images01.nicepage.com/18/a4/18a4c07eae54c988ce9e949279e2304c.png","usages":[]},{"id":"user-image-2330280839f11746e2cec88600af8050.png","publicUrl":"np://user.desktop.nicepage.com/Site_788010926/images/2330280839f11746e2cec88600af8050.png","size":25474,"hash":"LNyEIut0zwvFMduyZ9XJbzsOjfc=","fileName":"2330280839f11746e2cec88600af8050.png","name":"2330280839f11746e2cec88600af8050","width":100,"height":100,"thumbnail":{"url":"np://user.desktop.nicepage.com/Site_788010926/images/thumbnails/2330280839f11746e2cec88600af8050.png","width":100,"height":100,"length":25474,"type":"png"},"originalUrl":"//images01.nicepage.com/23/30/2330280839f11746e2cec88600af8050.png","usages":["88221982","6651184"]},{"id":"user-image-d7020590e6c763d6ee58be5ecb46c512.png","publicUrl":"np://user.desktop.nicepage.com/Site_788010926/images/d7020590e6c763d6ee58be5ecb46c512.png","size":23577,"hash":"OUXeGbyc4UWEG4sK3buYns50qD0=","fileName":"d7020590e6c763d6ee58be5ecb46c512.png","name":"d7020590e6c763d6ee58be5ecb46c512","width":123,"height":124,"thumbnail":{"url":"np://user.desktop.nicepage.com/Site_788010926/images/thumbnails/d7020590e6c763d6ee58be5ecb46c512.png","width":123,"height":124,"length":23577,"type":"png"},"originalUrl":"//images01.nicepage.com/d7/02/d7020590e6c763d6ee58be5ecb46c512.png","usages":[]},{"id":"user-image-6a9d2bdc04f701c17b6e1a6cf2b4e15e.png","publicUrl":"np://user.desktop.nicepage.com/Site_788010926/images/6a9d2bdc04f701c17b6e1a6cf2b4e15e.png","size":27300,"hash":"hE2zWqFm7HqWPajTrhuVhNBpwrc=","fileName":"6a9d2bdc04f701c17b6e1a6cf2b4e15e.png","name":"6a9d2bdc04f701c17b6e1a6cf2b4e15e","width":117,"height":126,"thumbnail":{"url":"np://user.desktop.nicepage.com/Site_788010926/images/thumbnails/6a9d2bdc04f701c17b6e1a6cf2b4e15e.png","width":117,"height":126,"length":27300,"type":"png"},"originalUrl":"//images01.nicepage.com/6a/9d/6a9d2bdc04f701c17b6e1a6cf2b4e15e.png","usages":[]},{"id":"user-image-7a98c5d838012ea0485ca3103b0197e2.png","publicUrl":"np://user.desktop.nicepage.com/Site_788010926/images/7a98c5d838012ea0485ca3103b0197e2.png","size":25906,"hash":"0ZXfCxbJFYokkrHMYRKkdVHYbKw=","fileName":"7a98c5d838012ea0485ca3103b0197e2.png","name":"7a98c5d838012ea0485ca3103b0197e2","width":122,"height":127,"thumbnail":{"url":"np://user.desktop.nicepage.com/Site_788010926/images/thumbnails/7a98c5d838012ea0485ca3103b0197e2.png","width":122,"height":127,"length":25906,"type":"png"},"originalUrl":"//images01.nicepage.com/7a/98/7a98c5d838012ea0485ca3103b0197e2.png","usages":[]},{"id":"user-image-3bf2774ea5bf6328544cdfb859e906ff.png","publicUrl":"np://user.desktop.nicepage.com/Site_788010926/images/3bf2774ea5bf6328544cdfb859e906ff.png","size":25701,"hash":"wkWsJmPi5bf46jUk4Nxf7MoexLY=","fileName":"3bf2774ea5bf6328544cdfb859e906ff.png","name":"3bf2774ea5bf6328544cdfb859e906ff","width":130,"height":128,"thumbnail":{"url":"np://user.desktop.nicepage.com/Site_788010926/images/thumbnails/3bf2774ea5bf6328544cdfb859e906ff.png","width":130,"height":128,"length":25701,"type":"png"},"originalUrl":"//images01.nicepage.com/3b/f2/3bf2774ea5bf6328544cdfb859e906ff.png","usages":[]},{"id":"user-image-cc1834811c838f0d52d49c27f021383e.png","publicUrl":"np://user.desktop.nicepage.com/Site_788010926/images/cc1834811c838f0d52d49c27f021383e.png","size":23319,"hash":"cq/93NhcVcMRd7EQQzM0vW5yOl0=","fileName":"cc1834811c838f0d52d49c27f021383e.png","name":"cc1834811c838f0d52d49c27f021383e","width":128,"height":133,"thumbnail":{"url":"np://user.desktop.nicepage.com/Site_788010926/images/thumbnails/cc1834811c838f0d52d49c27f021383e.png","width":128,"height":133,"length":23319,"type":"png"},"originalUrl":"//images01.nicepage.com/cc/18/cc1834811c838f0d52d49c27f021383e.png","usages":[]},{"id":"user-image-ed81ebf732fec2e03d496bca9314f258.png","publicUrl":"np://user.desktop.nicepage.com/Site_788010926/images/ed81ebf732fec2e03d496bca9314f258.png","size":74018,"hash":"GrQk3WGo7EJOK/TWZhNgdBFHasU=","fileName":"ed81ebf732fec2e03d496bca9314f258.png","name":"ed81ebf732fec2e03d496bca9314f258","width":370,"height":220,"thumbnail":{"url":"np://user.desktop.nicepage.com/Site_788010926/images/thumbnails/ed81ebf732fec2e03d496bca9314f258.png","width":250,"height":149},"originalUrl":"//images01.nicepage.com/ed/81/ed81ebf732fec2e03d496bca9314f258.png","usages":[]},{"id":"user-image-fcc6b22e1ce851ad1ffee68a386f9d89.png","publicUrl":"np://user.desktop.nicepage.com/Site_788010926/images/fcc6b22e1ce851ad1ffee68a386f9d89.png","size":129083,"hash":"XhzMnhbF1ms5rvvjxs+/RvJqXcQ=","fileName":"fcc6b22e1ce851ad1ffee68a386f9d89.png","name":"fcc6b22e1ce851ad1ffee68a386f9d89","width":370,"height":220,"thumbnail":{"url":"np://user.desktop.nicepage.com/Site_788010926/images/thumbnails/fcc6b22e1ce851ad1ffee68a386f9d89.png","width":250,"height":149},"originalUrl":"//images01.nicepage.com/fc/c6/fcc6b22e1ce851ad1ffee68a386f9d89.png","usages":[]},{"id":"user-image-47e9872033581723cf1877c5bd01f314.png","publicUrl":"np://user.desktop.nicepage.com/Site_788010926/images/47e9872033581723cf1877c5bd01f314.png","size":126683,"hash":"7TLGNNGR2TR3rZzWpwOrNisgLvU=","fileName":"47e9872033581723cf1877c5bd01f314.png","name":"47e9872033581723cf1877c5bd01f314","width":370,"height":220,"thumbnail":{"url":"np://user.desktop.nicepage.com/Site_788010926/images/thumbnails/47e9872033581723cf1877c5bd01f314.png","width":250,"height":149},"originalUrl":"//images01.nicepage.com/47/e9/47e9872033581723cf1877c5bd01f314.png","usages":[]},{"id":"user-image-logosanividakNEW2020_page-0001.jpg","publicUrl":"np://user.desktop.nicepage.com/Site_788010926/images/logosanividakNEW2020_page-0001.jpg","size":59597,"hash":"QITa8eKMyRI6fSg8OsBShxlCcis=","fileName":"logosanividakNEW2020_page-0001.jpg","name":"logosanividakNEW2020_page-0001","width":481,"height":152,"thumbnail":{"url":"np://user.desktop.nicepage.com/Site_788010926/images/thumbnails/logosanividakNEW2020_page-0001.jpg","width":250,"height":79},"usages":[]},{"id":"user-image-10001.jpg","publicUrl":"np://user.desktop.nicepage.com/Site_788010926/images/10001.jpg","size":52049,"hash":"+nCXBUvK53zj1ZkJGyJmK6ysFm4=","fileName":"10001.jpg","name":"10001","width":980,"height":382,"thumbnail":{"url":"np://user.desktop.nicepage.com/Site_788010926/images/thumbnails/10001.jpg","width":250,"height":97},"usages":["88221982"]},{"id":"user-image-10002.jpg","publicUrl":"np://user.desktop.nicepage.com/Site_788010926/images/10002.jpg","size":68580,"hash":"Tea+LgefFqy+7Poq+sxFS2ePEo0=","fileName":"10002.jpg","name":"10002","width":980,"height":382,"thumbnail":{"url":"np://user.desktop.nicepage.com/Site_788010926/images/thumbnails/10002.jpg","width":250,"height":97},"usages":["88221982"]},{"id":"user-image-10003.jpg","publicUrl":"np://user.desktop.nicepage.com/Site_788010926/images/10003.jpg","size":93270,"hash":"bV4hCgdmwxjDKwy8MBGaM2vHTEM=","fileName":"10003.jpg","name":"10003","width":980,"height":382,"thumbnail":{"url":"np://user.desktop.nicepage.com/Site_788010926/images/thumbnails/10003.jpg","width":250,"height":97},"usages":["88221982","6651184"]},{"id":"user-image-10004.jpg","publicUrl":"np://user.desktop.nicepage.com/Site_788010926/images/10004.jpg","size":127545,"hash":"ULHVkM6HFhkV+UyDou9PYOxZGvc=","fileName":"10004.jpg","name":"10004","width":1900,"height":1103,"thumbnail":{"url":"np://user.desktop.nicepage.com/Site_788010926/images/thumbnails/10004.jpg","width":250,"height":145},"usages":["88221982"]},{"id":"user-image-10005.jpg","publicUrl":"np://user.desktop.nicepage.com/Site_788010926/images/10005.jpg","size":37965,"hash":"tUuNIPC5SPc8VGmPMzgRyc6IqS0=","fileName":"10005.jpg","name":"10005","width":390,"height":258,"thumbnail":{"url":"np://user.desktop.nicepage.com/Site_788010926/images/thumbnails/10005.jpg","width":250,"height":165},"usages":["6651184","88221982"]},{"id":"user-image-plumbing.jpg","publicUrl":"np://user.desktop.nicepage.com/Site_788010926/images/plumbing.jpg","size":37817,"hash":"U70vA58QSQMaUVNEhFWgcyHBqiU=","fileName":"plumbing.jpg","name":"plumbing","width":390,"height":258,"thumbnail":{"url":"np://user.desktop.nicepage.com/Site_788010926/images/thumbnails/plumbing.jpg","width":250,"height":165},"usages":["6651184","88221982"]},{"id":"user-image-1078849.png","publicUrl":"np://user.desktop.nicepage.com/Site_788010926/images/1078849.png","size":3351,"hash":"wjpb6wugZdRXWmgiDd8ZvCLmRNQ=","fileName":"1078849.png","name":"1078849","width":128,"height":128,"thumbnail":{"url":"np://user.desktop.nicepage.com/Site_788010926/images/thumbnails/1078849.png","width":128,"height":128,"length":3351,"type":"png"},"usages":["88221982","6651184"]},{"id":"user-image-8025871.png","publicUrl":"np://user.desktop.nicepage.com/Site_788010926/images/8025871.png","size":2608,"hash":"CGGtgfT6T+B60fmNcKcy+12s/O0=","fileName":"8025871.png","name":"8025871","width":128,"height":128,"thumbnail":{"url":"np://user.desktop.nicepage.com/Site_788010926/images/thumbnails/8025871.png","width":128,"height":128,"length":2608,"type":"png"},"usages":["88221982","6651184"]},{"id":"user-image-289759.png","publicUrl":"np://user.desktop.nicepage.com/Site_788010926/images/289759.png","size":1961,"hash":"CYiLZOYKO454bnKw/5lFzkZnjUM=","fileName":"289759.png","name":"289759","width":128,"height":128,"thumbnail":{"url":"np://user.desktop.nicepage.com/Site_788010926/images/thumbnails/289759.png","width":128,"height":128,"length":1961,"type":"png"},"usages":["88221982","6651184"]},{"id":"user-image-2760452.png","publicUrl":"np://user.desktop.nicepage.com/Site_788010926/images/2760452.png","size":5489,"hash":"Gva+E8ojqskc0qh+VVxgJom/MJ0=","fileName":"2760452.png","name":"2760452","width":128,"height":128,"thumbnail":{"url":"np://user.desktop.nicepage.com/Site_788010926/images/thumbnails/2760452.png","width":128,"height":128,"length":5489,"type":"png"},"usages":["88221982","6651184"]},{"id":"user-image-182312.png","publicUrl":"np://user.desktop.nicepage.com/Site_788010926/images/182312.png","size":3836,"hash":"s67A6S0PkSVfhVkg56I2vtJaUAk=","fileName":"182312.png","name":"182312","width":128,"height":128,"thumbnail":{"url":"np://user.desktop.nicepage.com/Site_788010926/images/thumbnails/182312.png","width":128,"height":128,"length":3836,"type":"png"},"usages":["88221982","6651184"]},{"id":"user-image-1077198.png","publicUrl":"np://user.desktop.nicepage.com/Site_788010926/images/1077198.png","size":5185,"hash":"HJ6Oc8X4Sqdg7QQw8di/f6gSzIY=","fileName":"1077198.png","name":"1077198","width":128,"height":128,"thumbnail":{"url":"np://user.desktop.nicepage.com/Site_788010926/images/thumbnails/1077198.png","width":128,"height":128,"length":5185,"type":"png"},"usages":["88221982","6651184"]},{"id":"user-image-verwarming.png","publicUrl":"np://user.desktop.nicepage.com/Site_788010926/images/verwarming.png","size":302108,"hash":"68da+L9RcZdEzjurotGvA6hHc2Y=","fileName":"verwarming.png","name":"verwarming","width":1000,"height":375,"thumbnail":{"url":"np://user.desktop.nicepage.com/Site_788010926/images/thumbnails/verwarming.png","width":250,"height":94},"usages":["6651184","88221982"]},{"id":"user-image-f7ed4e6d7496b5ff7b281de1222a9c87ae093d3991d077601ee407c81695b6a41fa5e7840fbec1f16726271749ee46d315e5c25e7125035cbd6408_1280.jpg","publicUrl":"np://user.desktop.nicepage.com/Site_788010926/images/f7ed4e6d7496b5ff7b281de1222a9c87ae093d3991d077601ee407c81695b6a41fa5e7840fbec1f16726271749ee46d315e5c25e7125035cbd6408_1280.jpg","size":207987,"hash":"seYDKV+Q12/nPvwCrc8EbiaMrkI=","fileName":"f7ed4e6d7496b5ff7b281de1222a9c87ae093d3991d077601ee407c81695b6a41fa5e7840fbec1f16726271749ee46d315e5c25e7125035cbd6408_1280.jpg","name":"f7ed4e6d7496b5ff7b281de1222a9c87ae093d3991d077601ee407c81695b6a41fa5e7840fbec1f16726271749ee46d315e5c25e7125035cbd6408_1280","width":1280,"height":720,"thumbnail":{"url":"np://user.desktop.nicepage.com/Site_788010926/images/thumbnails/f7ed4e6d7496b5ff7b281de1222a9c87ae093d3991d077601ee407c81695b6a41fa5e7840fbec1f16726271749ee46d315e5c25e7125035cbd6408_1280.jpg","width":250,"height":141},"usages":["6651184","88221982"]},{"id":"user-image-b1d32850f6d3c8c7b6d672eeb30cfe1cfda1a77dfde2046f7939c03208e192aefdf6591dbf964c5d687e48ce06a1eb39846668644fde155c1ea5a3_1280.jpg","publicUrl":"np://user.desktop.nicepage.com/Site_788010926/images/b1d32850f6d3c8c7b6d672eeb30cfe1cfda1a77dfde2046f7939c03208e192aefdf6591dbf964c5d687e48ce06a1eb39846668644fde155c1ea5a3_1280.jpg","size":298295,"hash":"5uWbrT9QJ9xbvrNwN1FLYwr2I5s=","fileName":"b1d32850f6d3c8c7b6d672eeb30cfe1cfda1a77dfde2046f7939c03208e192aefdf6591dbf964c5d687e48ce06a1eb39846668644fde155c1ea5a3_1280.jpg","name":"b1d32850f6d3c8c7b6d672eeb30cfe1cfda1a77dfde2046f7939c03208e192aefdf6591dbf964c5d687e48ce06a1eb39846668644fde155c1ea5a3_1280","width":1280,"height":842,"thumbnail":{"url":"np://user.desktop.nicepage.com/Site_788010926/images/thumbnails/b1d32850f6d3c8c7b6d672eeb30cfe1cfda1a77dfde2046f7939c03208e192aefdf6591dbf964c5d687e48ce06a1eb39846668644fde155c1ea5a3_1280.jpg","width":250,"height":164},"usages":["88221982"]},{"id":"user-image-43494d68287b86b1bb807cdfc6facf3fd602e6d65b65514722c3b928da5a5eb8a25bca991cde5d0bd6d937e7a8e32084ac28f9e671df0a37c0b92b_1280.jpg","publicUrl":"np://user.desktop.nicepage.com/Site_788010926/images/43494d68287b86b1bb807cdfc6facf3fd602e6d65b65514722c3b928da5a5eb8a25bca991cde5d0bd6d937e7a8e32084ac28f9e671df0a37c0b92b_1280.jpg","size":448604,"hash":"KLUv4Wg2EG9pCZXJploiqYTyQdA=","fileName":"43494d68287b86b1bb807cdfc6facf3fd602e6d65b65514722c3b928da5a5eb8a25bca991cde5d0bd6d937e7a8e32084ac28f9e671df0a37c0b92b_1280.jpg","name":"43494d68287b86b1bb807cdfc6facf3fd602e6d65b65514722c3b928da5a5eb8a25bca991cde5d0bd6d937e7a8e32084ac28f9e671df0a37c0b92b_1280","width":1280,"height":853,"thumbnail":{"url":"np://user.desktop.nicepage.com/Site_788010926/images/thumbnails/43494d68287b86b1bb807cdfc6facf3fd602e6d65b65514722c3b928da5a5eb8a25bca991cde5d0bd6d937e7a8e32084ac28f9e671df0a37c0b92b_1280.jpg","width":250,"height":167},"usages":["6651184","88221982"]},{"id":"user-image-3050431.png","publicUrl":"np://user.desktop.nicepage.com/Site_788010926/images/3050431.png","size":4285,"hash":"pNzQPuoFXbV8qzkU//VNalTKcHI=","fileName":"3050431.png","name":"3050431","width":128,"height":128,"thumbnail":{"url":"np://user.desktop.nicepage.com/Site_788010926/images/thumbnails/3050431.png","width":128,"height":128,"length":4285,"type":"png"},"usages":["88221982"]},{"id":"user-image-3866706.png","publicUrl":"np://user.desktop.nicepage.com/Site_788010926/images/3866706.png","size":4326,"hash":"npzYBhJGHm9fFxJd64KjPVUg6+k=","fileName":"3866706.png","name":"3866706","width":128,"height":128,"thumbnail":{"url":"np://user.desktop.nicepage.com/Site_788010926/images/thumbnails/3866706.png","width":128,"height":128,"length":4326,"type":"png"},"usages":["88221982"]},{"id":"user-image-8053127.png","publicUrl":"np://user.desktop.nicepage.com/Site_788010926/images/8053127.png","size":4938,"hash":"PVrrCTez4ImQ/dtlW5Sc+7HREoM=","fileName":"8053127.png","name":"8053127","width":128,"height":128,"thumbnail":{"url":"np://user.desktop.nicepage.com/Site_788010926/images/thumbnails/8053127.png","width":128,"height":128,"length":4938,"type":"png"},"usages":["88221982"]},{"id":"user-image-7005518.png","publicUrl":"np://user.desktop.nicepage.com/Site_788010926/images/7005518.png","size":2126,"hash":"wqeSdAP4TXN7dsZm9YFQSeRix5Q=","fileName":"7005518.png","name":"7005518","width":128,"height":128,"thumbnail":{"url":"np://user.desktop.nicepage.com/Site_788010926/images/thumbnails/7005518.png","width":128,"height":128,"length":2126,"type":"png"},"usages":["88221982"]},{"id":"user-image-2693507.png","publicUrl":"np://user.desktop.nicepage.com/Site_788010926/images/2693507.png","size":2549,"hash":"8SOXwym6dSFUscts/uKnHlvlNhI=","fileName":"2693507.png","name":"2693507","width":128,"height":128,"thumbnail":{"url":"np://user.desktop.nicepage.com/Site_788010926/images/thumbnails/2693507.png","width":128,"height":128,"length":2549,"type":"png"},"usages":["88221982"]},{"id":"user-image-b3144d55e10b4bd59a8ced9a375182ed9498dd0cbd337aa1d9f841fdfff4a66fbbf543ea34e03ee335abdd07f467fe45ae26e2fce422d181aedac7_1280.jpg","publicUrl":"np://user.desktop.nicepage.com/Site_788010926/images/b3144d55e10b4bd59a8ced9a375182ed9498dd0cbd337aa1d9f841fdfff4a66fbbf543ea34e03ee335abdd07f467fe45ae26e2fce422d181aedac7_1280.jpg","size":393466,"hash":"euYsSOMw83swl5aQ8lCKFxIUuBw=","fileName":"b3144d55e10b4bd59a8ced9a375182ed9498dd0cbd337aa1d9f841fdfff4a66fbbf543ea34e03ee335abdd07f467fe45ae26e2fce422d181aedac7_1280.jpg","name":"b3144d55e10b4bd59a8ced9a375182ed9498dd0cbd337aa1d9f841fdfff4a66fbbf543ea34e03ee335abdd07f467fe45ae26e2fce422d181aedac7_1280","width":853,"height":1280,"thumbnail":{"url":"np://user.desktop.nicepage.com/Site_788010926/images/thumbnails/b3144d55e10b4bd59a8ced9a375182ed9498dd0cbd337aa1d9f841fdfff4a66fbbf543ea34e03ee335abdd07f467fe45ae26e2fce422d181aedac7_1280.jpg","width":167,"height":250},"usages":["88221982"]},{"id":"user-image-18927a999949a1c0b766fe0d58f613ecc8be6130eddd184c37d1fb2a3590f9cc89f0b5bff47be8f25716da9873ec0e9c44d24be4b77e9fc1fc7068_1280.jpg","publicUrl":"np://user.desktop.nicepage.com/Site_788010926/images/18927a999949a1c0b766fe0d58f613ecc8be6130eddd184c37d1fb2a3590f9cc89f0b5bff47be8f25716da9873ec0e9c44d24be4b77e9fc1fc7068_1280.jpg","size":282652,"hash":"MNAPUEWFV4TYBeo8+5y2oOAsXUo=","fileName":"18927a999949a1c0b766fe0d58f613ecc8be6130eddd184c37d1fb2a3590f9cc89f0b5bff47be8f25716da9873ec0e9c44d24be4b77e9fc1fc7068_1280.jpg","name":"18927a999949a1c0b766fe0d58f613ecc8be6130eddd184c37d1fb2a3590f9cc89f0b5bff47be8f25716da9873ec0e9c44d24be4b77e9fc1fc7068_1280","width":1280,"height":850,"thumbnail":{"url":"np://user.desktop.nicepage.com/Site_788010926/images/thumbnails/18927a999949a1c0b766fe0d58f613ecc8be6130eddd184c37d1fb2a3590f9cc89f0b5bff47be8f25716da9873ec0e9c44d24be4b77e9fc1fc7068_1280.jpg","width":250,"height":166},"usages":["88221982"]},{"id":"user-image-9e7073802fe5856910efd2244cf41580a870d34c7640e6b66a5e1507ca64615ce121eb1c7595c03ccaf3aae75a9fb588b0e49534fa24ca8dfe5a8f_1280.jpg","publicUrl":"np://user.desktop.nicepage.com/Site_788010926/images/9e7073802fe5856910efd2244cf41580a870d34c7640e6b66a5e1507ca64615ce121eb1c7595c03ccaf3aae75a9fb588b0e49534fa24ca8dfe5a8f_1280.jpg","size":302823,"hash":"giJm1ouy13R3jR7dJo7UcHh7L0s=","fileName":"9e7073802fe5856910efd2244cf41580a870d34c7640e6b66a5e1507ca64615ce121eb1c7595c03ccaf3aae75a9fb588b0e49534fa24ca8dfe5a8f_1280.jpg","name":"9e7073802fe5856910efd2244cf41580a870d34c7640e6b66a5e1507ca64615ce121eb1c7595c03ccaf3aae75a9fb588b0e49534fa24ca8dfe5a8f_1280","width":1280,"height":852,"thumbnail":{"url":"np://user.desktop.nicepage.com/Site_788010926/images/thumbnails/9e7073802fe5856910efd2244cf41580a870d34c7640e6b66a5e1507ca64615ce121eb1c7595c03ccaf3aae75a9fb588b0e49534fa24ca8dfe5a8f_1280.jpg","width":250,"height":166},"usages":["88221982"]},{"id":"user-image-88221982-0.png","publicUrl":"np://user.desktop.nicepage.com/Site_788010926/images/88221982-0.png","size":2051113,"hash":"nzfDJ3yXl5KQFjIffeCqF3VtbAM=","fileName":"88221982-0.png","name":"88221982-0","width":1777,"height":1000,"thumbnail":{"url":"np://user.desktop.nicepage.com/Site_788010926/images/thumbnails/88221982-0.png","width":250,"height":141},"usages":["88221982"]}]